11,26,19,20,20.1,6.5,80
11,26,19,30,20.1,6.5,79
11,26,19,40,20.1,6.5,79
11,26,19,50,20.1,6.5,79
11,26,20,00,20.1,6.5,79
11,26,20,10,20.1,6.5,79
11,26,20,20,20.1,6.5,79
11,26,20,30,20.1,6.5,80
11,26,20,40,20.1,6.5,80
11,26,20,50,20.1,6.5,80
11,26,21,00,20.3,6.5,79
11,26,21,10,20.3,6.5,79
11,26,21,20,20.3,6.5,79
11,26,21,30,20.3,6.5,79
11,26,21,40,20.5,6.5,78
11,26,21,50,20.5,6.5,78
11,26,22,00,20.4,6.5,79
11,26,22,10,20.4,6.5,79
11,26,22,20,20.4,6.5,79
11,26,22,30,20.3,6.5,80
11,26,22,40,20.4,6.5,79
11,26,22,50,20.5,6.5,78
11,26,23,00,20.4,6.5,79
11,26,23,10,20.3,6.5,80
11,26,23,20,20.3,6.5,81
11,26,23,30,20.1,6.5,82
11,26,23,40,20.1,6.5,82
11,26,23,50,20.2,6.5,82
11,27,00,00,20.2,3.5,82
11,27,00,10,20.1,0.0,82
11,27,00,20,20.0,0.0,84
11,27,00,30,19.8,0.0,85
11,27,00,40,19.7,0.0,87
11,27,00,50,19.5,0.0,88
11,27,01,00,19.4,0.0,89
11,27,01,10,19.4,0.0,90
11,27,01,20,19.4,0.0,90
11,27,01,30,19.4,0.0,91
11,27,01,40,19.3,0.0,92
11,27,01,50,19.3,0.0,92
11,27,02,00,19.3,0.0,91
11,27,02,10,19.3,0.0,91
11,27,02,20,19.4,0.0,90
11,27,02,30,19.4,0.0,90
11,27,02,40,19.5,0.0,89
11,27,02,50,19.4,0.0,89
11,27,03,00,19.4,0.0,89
11,27,03,10,19.4,0.0,89
11,27,03,20,19.4,0.0,89
11,27,03,30,19.4,0.0,89
11,27,03,40,19.4,0.0,89
11,27,03,50,19.4,0.0,88
11,27,04,00,19.3,0.0,89
11,27,04,10,19.3,0.0,89
11,27,04,20,19.4,0.0,88
11,27,04,30,19.6,0.0,85
11,27,04,40,19.8,0.0,83
11,27,04,50,19.9,0.0,83
11,27,05,00,19.8,0.0,83
11,27,05,10,19.9,0.0,83
11,27,05,20,19.7,0.0,84
11,27,05,30,19.9,0.0,83
11,27,05,40,19.9,0.0,82
11,27,05,50,19.7,0.0,83
11,27,06,00,19.9,0.0,82
11,27,06,10,20.0,0.0,82
11,27,06,20,20.2,0.0,81
11,27,06,30,20.3,0.0,81
11,27,06,40,20.2,0.0,81
11,27,06,50,20.1,0.0,82
11,27,07,00,20.1,0.0,82
11,27,07,10,20.3,0.0,80
11,27,07,20,20.6,0.0,80
11,27,07,30,20.8,0.0,77
11,27,07,40,21.0,0.0,77
11,27,07,50,21.3,0.0,76
11,27,08,00,21.1,0.0,77
11,27,08,10,21.2,0.0,77
11,27,08,20,21.4,0.0,77
11,27,08,30,21.5,0.0,76
11,27,08,40,21.7,0.0,76
11,27,08,50,21.8,0.0,76
11,27,09,00,22.0,0.0,76
11,27,09,10,22.4,0.0,72
11,27,09,20,22.6,0.0,72
11,27,09,30,22.5,0.0,72
11,27,09,40,22.7,0.0,71
11,27,09,50,22.7,0.0,71
11,27,10,00,23.4,0.0,69
11,27,10,10,23.0,0.0,70
11,27,10,20,23.3,0.0,70
11,27,10,30,23.0,0.0,70
11,27,10,40,22.8,0.0,69
11,27,10,50,22.8,0.0,70
11,27,11,00,23.0,0.0,69
11,27,11,10,23.4,0.0,68
11,27,11,20,23.6,0.0,65
11,27,11,30,23.5,0.0,66
11,27,11,40,23.9,0.0,64
11,27,11,50,23.7,0.0,64
11,27,12,00,24.5,0.0,63
11,27,12,10,23.9,0.0,64
11,27,12,20,23.9,0.0,65
11,27,12,30,24.0,0.0,65
11,27,12,40,23.8,0.0,62
11,27,12,50,23.9,0.0,62
11,27,13,00,24.0,0.0,61
11,27,13,10,23.9,0.0,61
11,27,13,20,24.1,0.0,64
11,27,13,30,23.5,0.0,61
11,27,13,40,23.4,0.0,62
11,27,13,50,23.5,0.0,61
11,27,14,00,23.5,0.0,62
11,27,14,10,23.5,0.0,61
11,27,14,20,23.3,0.0,61
11,27,14,30,23.2,0.0,61
11,27,14,40,23.2,0.0,61
11,27,14,50,23.1,0.0,62
11,27,15,00,23.1,0.0,62
11,27,15,10,23.1,0.0,62
11,27,15,20,23.0,0.0,62
11,27,15,30,23.1,0.0,63
11,27,15,40,23.0,0.0,64
11,27,15,50,22.8,0.0,65
11,27,16,00,22.8,0.0,65
11,27,16,10,22.8,0.0,65
11,27,16,20,22.6,0.0,67
11,27,16,30,22.4,0.0,67
11,27,16,40,22.1,0.0,68
11,27,16,50,22.1,0.0,69
11,27,17,00,21.8,0.0,72
11,27,17,10,21.4,0.0,75
11,27,17,20,21.2,0.0,76
11,27,17,30,21.0,0.0,77
11,27,17,40,20.8,0.0,78
11,27,17,50,20.6,0.0,78
11,27,18,00,20.5,0.0,79
11,27,18,10,20.4,0.0,79
11,27,18,20,20.4,0.0,79
11,27,18,30,20.5,0.0,78
11,27,18,40,20.4,0.0,79
11,27,18,50,20.5,0.0,79
11,27,19,00,20.5,0.0,79
11,27,19,10,20.5,0.0,79
11,27,19,20,20.5,0.0,79
11,27,19,30,20.6,0.0,78
11,27,19,40,20.6,0.0,78
11,27,19,50,20.6,0.0,78
11,27,20,00,20.6,0.0,78
11,27,20,10,20.6,0.0,77
11,27,20,20,20.6,0.0,77
11,27,20,30,20.5,0.0,78
11,27,20,40,20.6,0.0,77
11,27,20,50,20.8,0.0,77
11,27,21,00,20.8,0.0,77
11,27,21,10,20.8,0.0,77
11,27,21,20,20.5,0.0,79
11,27,21,30,20.2,0.0,81
11,27,21,40,20.4,0.0,79
11,27,21,50,20.5,0.0,79
11,27,22,00,20.6,0.0,77
11,27,22,10,20.5,0.0,78
11,27,22,20,20.6,0.0,77
11,27,22,30,20.5,0.0,77
11,27,22,40,20.7,0.0,76
11,27,22,50,20.7,0.0,75
11,27,23,00,20.5,0.0,76
11,27,23,10,20.5,0.0,75
11,27,23,20,20.4,0.0,76
11,27,23,30,20.3,0.0,76
11,27,23,40,20.1,0.0,77
11,27,23,50,20.3,0.0,76
11,28,00,00,-1,-1,-1
11,28,00,10,20.1,0.0,77
11,28,00,20,20.0,0.0,77
11,28,00,30,19.8,0.0,79
11,28,00,40,20.0,0.0,78
11,28,00,50,20.2,0.0,76
11,28,01,00,20.2,0.0,76
11,28,01,10,20.2,0.0,77
11,28,01,20,20.2,0.0,76
11,28,01,30,20.2,0.0,76
11,28,01,40,20.1,0.0,76
11,28,01,50,20.3,0.0,75
11,28,02,00,20.4,0.0,74
11,28,02,10,20.2,0.0,75
11,28,02,20,20.2,0.0,75
11,28,02,30,20.4,0.0,74
11,28,02,40,20.1,0.0,76
11,28,02,50,19.9,0.0,77
11,28,03,00,19.8,0.0,77
11,28,03,10,19.7,0.0,78
11,28,03,20,20.0,0.0,76
11,28,03,30,20.0,0.0,76
11,28,03,40,19.8,0.0,77
11,28,03,50,19.7,0.0,77
11,28,04,00,19.9,0.0,76
11,28,04,10,19.9,0.0,75
11,28,04,20,19.7,0.0,75
11,28,04,30,20.1,0.0,73
11,28,04,40,20.0,0.0,73
11,28,04,50,19.8,0.0,73
11,28,05,00,19.8,0.0,73
11,28,05,10,20.0,0.0,73
11,28,05,20,19.6,0.0,75
11,28,05,30,19.7,0.0,73
11,28,05,40,19.9,0.0,72
11,28,05,50,19.8,0.0,71
11,28,06,00,19.5,0.0,72
11,28,06,10,19.6,0.0,69
11,28,06,20,20.0,0.0,65
11,28,06,30,19.8,0.0,66
11,28,06,40,19.6,0.0,69
11,28,06,50,19.4,0.0,70
11,28,07,00,19.4,0.0,70
11,28,07,10,19.3,0.0,69
11,28,07,20,19.5,0.0,67
11,28,07,30,19.6,0.0,66
11,28,07,40,19.6,0.0,66
11,28,07,50,20.2,0.0,63
11,28,08,00,20.5,0.0,62
11,28,08,10,20.8,0.0,62
11,28,08,20,21.3,0.0,61
11,28,08,30,21.5,0.0,59
11,28,08,40,21.7,0.0,57
11,28,08,50,21.9,0.0,56
11,28,09,00,22.1,0.0,55
11,28,09,10,22.4,0.0,54
11,28,09,20,22.4,0.0,54
11,28,09,30,22.8,0.0,53
11,28,09,40,22.9,0.0,50
11,28,09,50,23.1,0.0,51
11,28,10,00,23.4,0.0,49
11,28,10,10,23.4,0.0,49
11,28,10,20,23.7,0.0,49
11,28,10,30,23.8,0.0,48
11,28,10,40,24.1,0.0,47
11,28,10,50,24.7,0.0,45
11,28,11,00,24.3,0.0,47
11,28,11,10,24.7,0.0,46
11,28,11,20,24.8,0.0,45
11,28,11,30,25.0,0.0,45
11,28,11,40,24.9,0.0,46
11,28,11,50,24.9,0.0,41
11,28,12,00,24.9,0.0,43
11,28,12,10,24.8,0.0,41
11,28,12,20,24.7,0.0,42
11,28,12,30,24.8,0.0,42
11,28,12,40,24.6,0.0,43
11,28,12,50,24.8,0.0,43
11,28,13,00,24.7,0.0,43
11,28,13,10,25.0,0.0,42
11,28,13,20,25.0,0.0,41
11,28,13,30,24.7,0.0,42
11,28,13,40,24.9,0.0,44
11,28,13,50,24.7,0.0,44
11,28,14,00,24.6,0.0,44
11,28,14,10,24.7,0.0,44
11,28,14,20,24.5,0.0,45
11,28,14,30,24.5,0.0,45
11,28,14,40,24.0,0.0,45
11,28,14,50,24.0,0.0,46
11,28,15,00,23.9,0.0,46
11,28,15,10,23.5,0.0,46
11,28,15,20,23.4,0.0,47
11,28,15,30,23.4,0.0,47
11,28,15,40,23.1,0.0,49
11,28,15,50,23.0,0.0,49
11,28,16,00,22.8,0.0,50
11,28,16,10,22.7,0.0,50
11,28,16,20,22.5,0.0,51
11,28,16,30,22.4,0.0,51
11,28,16,40,22.3,0.0,52
11,28,16,50,22.2,0.0,52
11,28,17,00,22.1,0.0,53
11,28,17,10,21.9,0.0,54
11,28,17,20,21.8,0.0,54
11,28,17,30,21.6,0.0,55
11,28,17,40,21.5,0.0,55
11,28,17,50,21.6,0.0,56
11,28,18,00,21.6,0.0,56
11,28,18,10,21.5,0.0,56
11,28,18,20,21.5,0.0,57
11,28,18,30,21.4,0.0,57
11,28,18,40,21.4,0.0,58
11,28,18,50,21.5,0.0,57
11,28,19,00,21.5,0.0,57
11,28,19,10,21.4,0.0,58
11,28,19,20,21.5,0.0,57
11,28,19,30,-1,-1,-1
11,28,19,40,21.6,0.0,57
11,28,19,50,21.8,0.0,57
11,28,20,00,21.7,0.0,57
11,28,20,10,21.8,0.0,57
11,28,20,20,21.9,0.0,57
11,28,20,30,21.8,0.0,57
11,28,20,40,21.9,0.0,56
11,28,20,50,21.7,0.0,57
11,28,21,00,21.8,0.0,58
11,28,21,10,21.8,0.0,57
11,28,21,20,21.7,0.0,58
11,28,21,30,21.9,0.0,57
11,28,21,40,21.8,0.0,58
11,28,21,50,21.8,0.0,58
11,28,22,00,21.8,0.0,58
11,28,22,10,21.8,0.0,58
11,28,22,20,22.0,0.0,58
11,28,22,30,21.8,0.0,59
11,28,22,40,21.8,0.0,59
11,28,22,50,22.0,0.0,58
11,28,23,00,21.9,0.0,59
11,28,23,10,21.8,0.0,59
11,28,23,20,21.8,0.0,59
11,28,23,30,21.7,0.0,60
11,28,23,40,21.9,0.0,59
11,28,23,50,21.9,0.0,58
11,29,00,00,-1,-1,-1
11,29,00,10,21.9,0.0,58
11,29,00,20,21.9,0.0,58
11,29,00,30,21.8,0.0,59
11,29,00,40,21.8,0.0,59
11,29,00,50,21.6,0.0,60
11,29,01,00,21.8,0.0,58
11,29,01,10,21.5,0.0,60
11,29,01,20,21.5,0.0,60
11,29,01,30,21.6,0.0,60
11,29,01,40,21.7,0.0,60
11,29,01,50,21.6,0.0,60
11,29,02,00,21.4,0.0,61
11,29,02,10,21.2,0.0,63
11,29,02,20,21.3,0.0,62
11,29,02,30,21.4,0.0,61
11,29,02,40,21.1,0.0,64
11,29,02,50,21.4,0.0,63
11,29,03,00,21.2,0.0,63
11,29,03,10,21.2,0.0,64
11,29,03,20,21.2,0.0,64
11,29,03,30,21.4,0.0,63
11,29,03,40,21.1,0.0,64
11,29,03,50,21.0,0.0,66
11,29,04,00,21.0,0.0,65
11,29,04,10,20.9,0.0,67
11,29,04,20,21.3,0.0,64
11,29,04,30,21.5,0.0,62
11,29,04,40,21.1,0.0,65
11,29,04,50,20.8,0.0,67
11,29,05,00,20.5,0.0,69
11,29,05,10,20.4,0.0,70
11,29,05,20,20.4,0.0,71
11,29,05,30,20.5,0.0,70
11,29,05,40,20.5,0.0,70
11,29,05,50,20.5,0.0,70
11,29,06,00,20.8,0.0,69
11,29,06,10,20.6,0.0,70
11,29,06,20,20.6,0.0,72
11,29,06,30,20.5,0.0,73
11,29,06,40,20.7,0.0,73
11,29,06,50,20.8,0.0,74
11,29,07,00,21.0,0.0,71
11,29,07,10,21.1,0.0,72
11,29,07,20,21.5,0.0,70
11,29,07,30,21.7,0.0,69
11,29,07,40,21.7,0.0,70
11,29,07,50,22.1,0.0,67
11,29,08,00,22.3,0.0,70
11,29,08,10,22.6,0.0,68
11,29,08,20,22.8,0.0,69
11,29,08,30,22.9,0.0,67
11,29,08,40,23.2,0.0,67
11,29,08,50,23.5,0.0,64
11,29,09,00,23.6,0.0,64
11,29,09,10,24.1,0.0,64
11,29,09,20,24.2,0.0,61
11,29,09,30,24.2,0.0,61
11,29,09,40,24.8,0.0,59
11,29,09,50,24.9,0.0,58
11,29,10,00,25.2,0.0,57
11,29,10,10,25.7,0.0,55
11,29,10,20,25.9,0.0,54
11,29,10,30,26.0,0.0,54
11,29,10,40,26.2,0.0,52
11,29,10,50,26.6,0.0,53
11,29,11,00,26.2,0.0,54
11,29,11,10,-1,-1,-1
11,29,11,20,-1,-1,-1
11,29,11,30,26.4,0.0,56
11,29,11,40,-1,-1,-1
11,29,11,50,26.4,0.0,54
11,29,12,00,26.2,0.0,57
11,29,12,10,26.0,0.0,55
11,29,12,20,26.2,0.0,55
11,29,12,30,26.1,0.0,61
11,29,12,40,26.0,0.0,60
11,29,12,50,26.4,0.0,56
11,29,13,00,26.6,0.0,55
11,29,13,10,26.9,0.0,57
11,29,13,20,26.7,0.0,53
11,29,13,30,26.6,0.0,55
11,29,13,40,26.6,0.0,55
11,29,13,50,26.6,0.0,54
11,29,14,00,26.2,0.0,57
11,29,14,10,26.1,0.0,57
11,29,14,20,26.1,0.0,58
11,29,14,30,25.9,0.0,60
11,29,14,40,25.8,0.0,59
11,29,14,50,25.7,0.0,61
11,29,15,00,25.7,0.0,61
11,29,15,10,25.1,0.0,65
11,29,15,20,25.0,0.0,64
11,29,15,30,24.6,0.0,68
11,29,15,40,24.6,0.0,60
11,29,15,50,24.5,0.0,61
11,29,16,00,24.1,0.0,62
11,29,16,10,23.8,0.0,62
11,29,16,20,23.6,0.0,61
11,29,16,30,23.6,0.0,60
11,29,16,40,23.4,0.0,61
11,29,16,50,23.2,0.0,62
11,29,17,00,23.3,0.0,61
11,29,17,10,23.3,0.0,60
11,29,17,20,23.5,0.0,60
11,29,17,30,23.1,0.0,63
11,29,17,40,-1,-1,-1
11,29,17,50,23.3,0.0,60
11,29,18,00,23.5,0.0,60
11,29,18,10,23.5,0.0,59
11,29,18,20,22.9,0.0,63
11,29,18,30,22.5,0.0,65
11,29,18,40,22.3,0.0,67
11,29,18,50,22.8,0.0,66
11,29,19,00,22.6,0.0,68
11,29,19,10,22.4,0.0,70
11,29,19,20,22.2,0.0,70
11,29,19,30,22.1,0.0,71
11,29,19,40,22.1,0.0,72
11,29,19,50,22.0,0.0,73
11,29,20,00,21.8,0.0,73
11,29,20,10,21.7,0.0,74
11,29,20,20,21.7,0.0,74
11,29,20,30,22.1,0.0,72
11,29,20,40,21.9,0.0,73
11,29,20,50,21.6,0.0,73
11,29,21,00,21.9,0.0,71
11,29,21,10,21.9,0.0,71
11,29,21,20,21.6,0.0,73
11,29,21,30,21.3,0.0,75
11,29,21,40,21.2,0.0,75
11,29,21,50,21.2,0.0,75
11,29,22,00,21.1,0.0,77
11,29,22,10,21.1,0.0,77
11,29,22,20,21.1,0.0,78
11,29,22,30,21.0,0.0,78
11,29,22,40,21.2,0.0,77
11,29,22,50,20.9,0.0,77
11,29,23,00,21.1,0.0,76
11,29,23,10,20.9,0.0,77
11,29,23,20,-1,-1,-1
11,29,23,30,-1,-1,-1
11,29,23,40,20.9,0.0,78
11,29,23,50,20.7,0.0,79
11,30,00,00,-1,-1,-1
11,30,00,10,20.7,0.0,78
11,30,00,20,20.9,0.0,77
11,30,00,30,21.1,0.0,76
11,30,00,40,21.0,0.0,76
11,30,00,50,21.0,0.0,77
11,30,01,00,20.9,0.0,78
11,30,01,10,20.8,0.0,78
11,30,01,20,20.7,0.0,79
11,30,01,30,20.6,0.0,80
11,30,01,40,20.7,0.0,80
11,30,01,50,20.5,0.0,80
11,30,02,00,20.5,0.0,80
11,30,02,10,20.6,0.0,80
11,30,02,20,20.9,0.0,78
11,30,02,30,21.2,0.0,75
11,30,02,40,21.2,0.0,76
11,30,02,50,21.0,0.0,78
11,30,03,00,20.8,0.0,79
11,30,03,10,20.6,0.0,80
11,30,03,20,20.5,0.0,80
11,30,03,30,20.5,0.0,81
11,30,03,40,20.4,0.0,82
11,30,03,50,20.6,0.0,80
11,30,04,00,20.7,0.0,78
11,30,04,10,21.6,0.0,69
11,30,04,20,21.5,0.0,70
11,30,04,30,21.3,0.0,72
11,30,04,40,21.0,0.0,76
11,30,04,50,20.7,0.0,78
11,30,05,00,20.4,0.0,81
11,30,05,10,20.2,0.0,82
11,30,05,20,20.2,0.0,82
11,30,05,30,20.3,0.0,82
11,30,05,40,20.2,0.0,81
11,30,05,50,20.3,0.0,80
11,30,06,00,20.4,0.0,80
11,30,06,10,20.4,0.0,79
11,30,06,20,20.1,0.0,82
11,30,06,30,20.2,0.0,82
11,30,06,40,20.3,0.0,82
11,30,06,50,20.6,0.0,82
11,30,07,00,21.1,0.0,83
11,30,07,10,21.0,0.0,83
11,30,07,20,20.7,0.0,86
11,30,07,30,20.3,0.0,87
11,30,07,40,20.0,0.5,86
11,30,07,50,20.1,0.5,87
11,30,08,00,20.0,0.5,87
11,30,08,10,19.9,0.5,87
11,30,08,20,19.8,0.5,87
11,30,08,30,19.7,1.0,87
11,30,08,40,19.6,1.0,85
11,30,08,50,19.5,1.0,84
11,30,09,00,19.5,1.0,84
11,30,09,10,19.3,1.0,84
11,30,09,20,19.3,1.0,84
11,30,09,30,19.3,1.0,84
11,30,09,40,19.2,1.0,84
11,30,09,50,19.3,1.0,83
11,30,10,00,19.4,1.0,83
11,30,10,10,19.5,1.0,83
11,30,10,20,19.4,1.0,83
11,30,10,30,19.5,1.0,85
11,30,10,40,19.3,1.0,84
11,30,10,50,19.5,1.0,85
11,30,11,00,19.5,1.0,83
11,30,11,10,19.7,1.0,83
11,30,11,20,19.8,1.0,83
11,30,11,30,19.9,1.0,81
11,30,11,40,19.9,1.0,80
11,30,11,50,20.1,1.0,78
11,30,12,00,20.0,1.0,80
11,30,12,10,20.1,1.0,79
11,30,12,20,20.1,1.0,77
11,30,12,30,20.3,1.0,73
11,30,12,40,20.3,1.0,73
11,30,12,50,20.0,1.0,75
11,30,13,00,19.9,1.0,77
11,30,13,10,19.9,1.0,74
11,30,13,20,20.1,1.0,73
11,30,13,30,20.2,1.0,72
11,30,13,40,20.4,1.0,72
11,30,13,50,20.4,1.0,72
11,30,14,00,20.5,1.0,72
11,30,14,10,20.0,1.0,77
11,30,14,20,19.9,1.0,79
11,30,14,30,19.5,1.0,82
11,30,14,40,-1,-1,-1
11,30,14,50,19.4,1.0,85
11,30,15,00,19.2,1.0,88
11,30,15,10,19.2,1.0,88
11,30,15,20,-1,-1,-1
11,30,15,30,-1,-1,-1
11,30,15,40,-1,-1,-1
11,30,15,50,19.0,1.0,88
11,30,16,00,19.1,1.5,87
11,30,16,10,19.1,1.5,86
11,30,16,20,19.1,1.5,86
11,30,16,30,19.1,1.5,87
11,30,16,40,19.1,1.5,86
11,30,16,50,19.0,1.5,86
11,30,17,00,19.0,1.5,86
11,30,17,10,19.1,1.5,85
11,30,17,20,19.0,1.5,86
11,30,17,30,18.9,1.5,87
11,30,17,40,18.9,1.5,87
11,30,17,50,-1,-1,-1
11,30,18,00,-1,-1,-1
11,30,18,10,18.8,1.5,88
11,30,18,20,18.7,2.0,87
11,30,18,30,18.6,2.0,88
11,30,18,40,18.6,2.0,88
11,30,18,50,18.6,2.0,88
11,30,19,00,18.6,2.0,86
11,30,19,10,18.6,2.0,87
11,30,19,20,18.7,2.0,85
11,30,19,30,18.7,2.0,85
11,30,19,40,18.7,2.0,85
11,30,19,50,18.8,2.0,84
11,30,20,00,18.7,2.0,84
11,30,20,10,18.8,2.0,83
11,30,20,20,18.9,2.0,82
11,30,20,30,18.9,2.0,82
11,30,20,40,18.8,2.0,83
11,30,20,50,18.8,2.0,83
11,30,21,00,18.9,2.0,82
11,30,21,10,18.9,2.0,83
11,30,21,20,19.0,2.0,83
11,30,21,30,18.9,2.0,83
11,30,21,40,-1,-1,-1
11,30,21,50,-1,-1,-1
11,30,22,00,19.0,2.0,83
11,30,22,10,18.9,2.0,84
11,30,22,20,19.0,2.0,83
11,30,22,30,19.0,2.0,84
11,30,22,40,18.9,2.0,85
11,30,22,50,18.8,2.0,86
11,30,23,00,18.6,2.5,86
11,30,23,10,18.5,2.5,89
11,30,23,20,18.5,2.5,89
11,30,23,30,18.5,2.5,89
11,30,23,40,18.5,3.0,89
11,30,23,50,18.5,3.0,89
12,01,00,00,-1,-1,-1
12,01,00,10,18.4,0.0,89
12,01,00,20,18.4,0.5,90
12,01,00,30,18.3,1.0,91
12,01,00,40,18.3,1.0,89
12,01,00,50,18.2,1.0,90
12,01,01,00,18.2,1.0,90
12,01,01,10,18.2,1.5,90
12,01,01,20,18.3,1.5,89
12,01,01,30,18.3,1.5,89
12,01,01,40,18.3,1.5,89
12,01,01,50,18.3,2.0,89
12,01,02,00,18.2,2.0,90
12,01,02,10,18.1,2.0,90
12,01,02,20,18.0,2.5,90
12,01,02,30,18.0,2.5,90
12,01,02,40,18.0,2.5,91
12,01,02,50,17.9,3.0,92
12,01,03,00,17.9,3.0,91
12,01,03,10,17.8,3.0,91
12,01,03,20,17.7,3.5,91
12,01,03,30,17.8,4.0,90
12,01,03,40,17.7,4.5,90
12,01,03,50,17.7,4.5,91
12,01,04,00,17.7,5.0,90
12,01,04,10,17.7,5.5,91
12,01,04,20,17.7,6.0,91
12,01,04,30,17.6,6.5,91
12,01,04,40,17.5,7.5,91
12,01,04,50,17.5,7.5,91
12,01,05,00,17.4,8.0,91
12,01,05,10,17.5,8.0,91
12,01,05,20,17.5,8.5,91
12,01,05,30,17.3,8.5,91
12,01,05,40,17.3,8.5,90
12,01,05,50,17.2,8.5,90
12,01,06,00,17.2,9.0,89
12,01,06,10,17.1,9.0,89
12,01,06,20,17.0,9.0,89
12,01,06,30,17.0,9.0,89
12,01,06,40,17.0,9.0,89
12,01,06,50,16.8,9.5,90
12,01,07,00,16.7,9.5,90
12,01,07,10,16.7,9.5,90
12,01,07,20,16.7,9.5,89
12,01,07,30,16.6,9.5,89
12,01,07,40,16.6,9.5,88
12,01,07,50,16.7,9.5,88
12,01,08,00,16.7,10.0,89
12,01,08,10,16.7,10.0,89
12,01,08,20,16.8,10.0,89
12,01,08,30,16.7,10.0,89
12,01,08,40,16.8,10.0,89
12,01,08,50,16.9,10.5,89
12,01,09,00,16.8,10.5,89
12,01,09,10,16.7,10.5,89
12,01,09,20,16.7,10.5,88
12,01,09,30,16.9,10.5,88
12,01,09,40,16.8,11.0,87
12,01,09,50,16.9,11.0,88
12,01,10,00,16.9,11.0,88
12,01,10,10,16.9,11.0,88
12,01,10,20,16.9,11.0,87
12,01,10,30,17.0,11.0,87
12,01,10,40,16.9,11.0,88
12,01,10,50,17.0,11.0,87
12,01,11,00,16.9,11.0,87
12,01,11,10,17.0,11.0,87
12,01,11,20,16.8,11.0,88
12,01,11,30,16.6,11.0,88
12,01,11,40,16.7,11.0,88
12,01,11,50,16.6,11.0,88
12,01,12,00,16.6,11.0,87
12,01,12,10,16.6,11.0,86
12,01,12,20,16.5,11.0,87
12,01,12,30,16.4,11.0,89
12,01,12,40,16.3,11.5,89
12,01,12,50,16.2,11.5,89
12,01,13,00,16.2,11.5,88
12,01,13,10,16.2,11.5,89
12,01,13,20,16.3,11.5,88
12,01,13,30,16.3,11.5,88
12,01,13,40,16.4,11.5,88
12,01,13,50,16.1,11.5,87
12,01,14,00,16.1,11.5,87
12,01,14,10,16.0,11.5,87
12,01,14,20,16.2,11.5,85
12,01,14,30,16.0,11.5,85
12,01,14,40,16.0,11.5,84
12,01,14,50,15.9,11.5,85
12,01,15,00,15.8,11.5,85
12,01,15,10,15.8,11.5,86
12,01,15,20,15.8,11.5,86
12,01,15,30,15.7,11.5,85
12,01,15,40,15.7,11.5,85
12,01,15,50,15.7,11.5,86
12,01,16,00,15.7,11.5,85
12,01,16,10,15.7,11.5,85
12,01,16,20,15.7,11.5,85
12,01,16,30,15.8,11.5,83
12,01,16,40,15.8,11.5,85
12,01,16,50,15.7,11.5,86
12,01,17,00,15.6,11.5,86
12,01,17,10,15.6,11.5,85
12,01,17,20,15.7,11.5,85
12,01,17,30,15.6,11.5,86
12,01,17,40,15.6,11.5,86
12,01,17,50,15.6,11.5,85
12,01,18,00,15.5,11.5,85
12,01,18,10,15.5,11.5,83
12,01,18,20,15.5,11.5,83
12,01,18,30,15.5,11.5,83
12,01,18,40,15.6,11.5,82
12,01,18,50,15.6,11.5,83
12,01,19,00,15.7,11.5,82
12,01,19,10,15.8,11.5,80
12,01,19,20,15.7,11.5,81
12,01,19,30,15.5,11.5,82
12,01,19,40,15.4,11.5,83
12,01,19,50,15.4,11.5,84
12,01,20,00,15.4,11.5,84
12,01,20,10,15.2,11.5,86
12,01,20,20,15.2,11.5,87
12,01,20,30,15.1,11.5,87
12,01,20,40,15.2,11.5,86
12,01,20,50,15.2,11.5,86
12,01,21,00,15.2,11.5,86
12,01,21,10,15.1,11.5,86
12,01,21,20,15.1,11.5,86
12,01,21,30,15.1,11.5,85
12,01,21,40,15.2,11.5,83
12,01,21,50,15.3,11.5,82
12,01,22,00,15.4,11.5,81
12,01,22,10,15.5,11.5,81
12,01,22,20,15.6,11.5,80
12,01,22,30,15.6,11.5,80
12,01,22,40,15.7,11.5,80
12,01,22,50,15.7,11.5,80
12,01,23,00,15.8,11.5,80
12,01,23,10,15.7,11.5,81
12,01,23,20,15.6,11.5,82
12,01,23,30,15.7,11.5,81
12,01,23,40,15.7,11.5,82
12,01,23,50,15.9,11.5,81
12,02,00,00,-1,-1,-1
12,02,00,10,15.9,0.0,81
12,02,00,20,16.1,0.0,80
12,02,00,30,16.1,0.0,81
12,02,00,40,16.1,0.0,81
12,02,00,50,16.2,0.0,81
12,02,01,00,16.1,0.0,81
12,02,01,10,16.1,0.0,81
12,02,01,20,16.1,0.0,82
12,02,01,30,16.2,0.0,81
12,02,01,40,16.3,0.0,81
12,02,01,50,16.2,0.0,81
12,02,02,00,16.3,0.0,81
12,02,02,10,16.3,0.0,82
12,02,02,20,16.2,0.0,83
12,02,02,30,16.1,0.0,85
12,02,02,40,16.0,0.0,86
12,02,02,50,16.1,0.0,85
12,02,03,00,16.0,0.0,86
12,02,03,10,15.9,0.0,87
12,02,03,20,15.9,0.0,87
12,02,03,30,16.1,0.0,86
12,02,03,40,16.1,0.0,85
12,02,03,50,16.1,0.0,86
12,02,04,00,16.0,0.0,87
12,02,04,10,16.0,0.0,86
12,02,04,20,16.0,0.0,86
12,02,04,30,16.0,0.0,87
12,02,04,40,16.1,0.0,86
12,02,04,50,16.2,0.0,85
12,02,05,00,16.2,0.0,85
12,02,05,10,16.4,0.0,84
12,02,05,20,16.3,0.0,85
12,02,05,30,16.2,0.0,86
12,02,05,40,16.2,0.0,86
12,02,05,50,16.2,0.0,86
12,02,06,00,16.3,0.0,85
12,02,06,10,16.3,0.0,85
12,02,06,20,16.6,0.0,82
12,02,06,30,16.6,0.0,82
12,02,06,40,16.7,0.0,81
12,02,06,50,16.7,0.0,81
12,02,07,00,16.8,0.0,80
12,02,07,10,16.9,0.0,80
12,02,07,20,16.8,0.0,82
12,02,07,30,17.0,0.0,80
12,02,07,40,16.9,0.0,81
12,02,07,50,17.0,0.0,81
12,02,08,00,17.1,0.0,81
12,02,08,10,17.1,0.0,81
12,02,08,20,-1,-1,-1
12,02,08,30,17.3,0.0,80
12,02,08,40,17.4,0.0,80
12,02,08,50,17.5,0.0,79
12,02,09,00,17.5,0.0,79
12,02,09,10,17.4,0.0,80
12,02,09,20,17.3,0.0,81
12,02,09,30,17.3,0.0,82
12,02,09,40,17.4,0.0,81
12,02,09,50,17.5,0.0,80
12,02,10,00,17.6,0.0,80
12,02,10,10,17.8,0.0,79
12,02,10,20,17.8,0.0,79
12,02,10,30,17.7,0.0,79
12,02,10,40,17.5,0.0,79
12,02,10,50,17.7,0.0,78
12,02,11,00,17.8,0.0,78
12,02,11,10,18.1,0.0,77
12,02,11,20,18.4,0.0,77
12,02,11,30,18.6,0.0,77
12,02,11,40,19.1,0.0,75
12,02,11,50,19.1,0.0,74
12,02,12,00,19.5,0.0,72
12,02,12,10,20.1,0.0,71
12,02,12,20,19.4,0.0,73
12,02,12,30,19.3,0.0,75
12,02,12,40,19.2,0.0,74
12,02,12,50,19.4,0.0,72
12,02,13,00,19.4,0.0,72
12,02,13,10,19.0,0.0,74
12,02,13,20,18.9,0.0,76
12,02,13,30,18.7,0.0,77
12,02,13,40,18.6,0.0,78
12,02,13,50,18.4,0.0,79
12,02,14,00,18.3,0.0,80
12,02,14,10,18.2,0.0,80
12,02,14,20,18.1,0.0,80
12,02,14,30,18.1,0.0,80
12,02,14,40,18.2,0.0,79
12,02,14,50,18.3,0.0,79
12,02,15,00,18.2,0.0,80
12,02,15,10,18.2,0.0,80
12,02,15,20,18.2,0.0,80
12,02,15,30,18.4,0.0,79
12,02,15,40,18.5,0.0,78
12,02,15,50,18.4,0.0,78
12,02,16,00,18.5,0.0,78
12,02,16,10,18.6,0.0,78
12,02,16,20,18.4,0.0,79
12,02,16,30,18.4,0.0,80
12,02,16,40,18.4,0.0,80
12,02,16,50,18.4,0.0,80
12,02,17,00,18.4,0.0,82
12,02,17,10,18.3,0.0,82
12,02,17,20,18.2,0.0,83
12,02,17,30,18.2,0.0,83
12,02,17,40,18.2,0.0,83
12,02,17,50,18.2,0.0,84
12,02,18,00,18.2,0.0,85
12,02,18,10,18.2,0.0,85
12,02,18,20,18.1,0.0,85
12,02,18,30,18.1,0.0,85
12,02,18,40,18.1,0.0,85
12,02,18,50,18.1,0.0,85
12,02,19,00,18.1,0.0,85
12,02,19,10,18.0,0.0,85
12,02,19,20,18.1,0.0,85
12,02,19,30,18.2,0.0,84
12,02,19,40,18.2,0.0,84
12,02,19,50,18.2,0.0,84
12,02,20,00,18.2,0.0,85
12,02,20,10,18.3,0.0,84
12,02,20,20,18.2,0.0,85
12,02,20,30,18.1,0.0,86
12,02,20,40,18.2,0.0,85
12,02,20,50,18.2,0.0,86
12,02,21,00,18.3,0.0,85
12,02,21,10,18.3,0.0,86
12,02,21,20,18.3,0.0,86
12,02,21,30,18.2,0.0,88
12,02,21,40,18.2,0.0,88
12,02,21,50,18.2,0.0,87
12,02,22,00,18.2,0.0,87
12,02,22,10,18.2,0.0,88
12,02,22,20,18.2,0.0,88
12,02,22,30,18.2,0.0,88
12,02,22,40,18.2,0.0,88
12,02,22,50,18.1,0.0,88
12,02,23,00,18.2,0.0,88
12,02,23,10,18.2,0.0,88
12,02,23,20,18.3,0.0,87
12,02,23,30,18.4,0.0,86
12,02,23,40,18.3,0.0,88
12,02,23,50,18.3,0.0,88
12,03,00,00,-1,-1,-1
12,03,00,10,18.4,0.0,88
12,03,00,20,18.4,0.0,88
12,03,00,30,18.4,0.0,88
12,03,00,40,18.5,0.0,88
12,03,00,50,18.6,0.0,88
12,03,01,00,18.7,0.0,88
12,03,01,10,18.8,0.0,88
12,03,01,20,18.7,0.0,88
12,03,01,30,18.7,0.0,88
12,03,01,40,18.7,0.0,88
12,03,01,50,18.8,0.0,87
12,03,02,00,18.8,0.0,87
12,03,02,10,19.0,0.0,86
12,03,02,20,19.0,0.0,87
12,03,02,30,18.9,0.0,87
12,03,02,40,18.9,0.0,87
12,03,02,50,18.9,0.0,87
12,03,03,00,19.0,0.0,87
12,03,03,10,19.1,0.0,86
12,03,03,20,19.1,0.0,86
12,03,03,30,19.2,0.0,85
12,03,03,40,19.2,0.0,86
12,03,03,50,19.2,0.0,87
12,03,04,00,19.1,0.0,87
12,03,04,10,19.0,0.0,88
12,03,04,20,19.0,0.0,88
12,03,04,30,18.9,0.0,88
12,03,04,40,18.9,0.0,88
12,03,04,50,18.8,0.0,88
12,03,05,00,18.8,0.0,88
12,03,05,10,18.8,0.0,88
12,03,05,20,19.0,0.0,87
12,03,05,30,19.0,0.0,87
12,03,05,40,19.0,0.0,87
12,03,05,50,18.9,0.0,88
12,03,06,00,18.8,0.0,88
12,03,06,10,18.8,0.0,88
12,03,06,20,18.7,0.0,89
12,03,06,30,18.7,0.0,89
12,03,06,40,18.7,0.0,89
12,03,06,50,18.6,0.0,90
12,03,07,00,18.6,0.0,90
12,03,07,10,18.7,0.0,89
12,03,07,20,18.9,0.0,88
12,03,07,30,18.9,0.0,88
12,03,07,40,18.7,0.0,89
12,03,07,50,18.6,0.0,89
12,03,08,00,18.5,0.0,89
12,03,08,10,18.6,0.0,89
12,03,08,20,18.7,0.0,89
12,03,08,30,18.7,0.0,88
12,03,08,40,18.8,0.0,88
12,03,08,50,18.8,0.0,86
12,03,09,00,18.8,0.0,86
12,03,09,10,18.6,0.0,88
12,03,09,20,18.5,0.0,89
12,03,09,30,18.4,0.0,89
12,03,09,40,18.7,0.0,88
12,03,09,50,18.9,0.0,87
12,03,10,00,18.7,0.0,88
12,03,10,10,18.8,0.0,89
12,03,10,20,18.7,0.0,89
12,03,10,30,18.6,0.0,89
12,03,10,40,18.7,0.0,90
12,03,10,50,18.5,0.0,89
12,03,11,00,18.6,0.0,89
12,03,11,10,19.1,0.0,88
12,03,11,20,19.3,0.0,84
12,03,11,30,19.6,0.0,82
12,03,11,40,19.7,0.0,82
12,03,11,50,19.5,0.0,83
12,03,12,00,19.7,0.0,82
12,03,12,10,19.3,0.0,85
12,03,12,20,19.3,0.0,86
12,03,12,30,19.4,0.0,85
12,03,12,40,19.2,0.0,85
12,03,12,50,19.7,0.0,84
12,03,13,00,19.7,0.0,83
12,03,13,10,19.7,0.0,82
12,03,13,20,19.8,0.0,83
12,03,13,30,20.1,0.0,83
12,03,13,40,20.4,0.0,82
12,03,13,50,20.2,0.0,81
12,03,14,00,20.2,0.0,81
12,03,14,10,20.2,0.0,81
12,03,14,20,20.2,0.0,81
12,03,14,30,20.2,0.0,80
12,03,14,40,20.1,0.0,79
12,03,14,50,19.9,0.0,80
12,03,15,00,19.8,0.0,80
12,03,15,10,19.5,0.0,82
12,03,15,20,19.5,0.0,82
12,03,15,30,19.5,0.0,82
12,03,15,40,19.3,0.0,83
12,03,15,50,19.3,0.0,83
12,03,16,00,19.3,0.0,83
12,03,16,10,19.2,0.0,83
12,03,16,20,19.3,0.0,83
12,03,16,30,19.3,0.0,83
12,03,16,40,19.1,0.0,85
12,03,16,50,18.9,0.0,87
12,03,17,00,18.9,0.0,88
12,03,17,10,18.9,0.0,88
12,03,17,20,18.8,0.0,88
12,03,17,30,18.9,0.0,88
12,03,17,40,19.0,0.0,86
12,03,17,50,19.0,0.0,86
12,03,18,00,19.2,0.0,84
12,03,18,10,19.2,0.0,84
12,03,18,20,19.1,0.0,85
12,03,18,30,19.1,0.0,85
12,03,18,40,19.0,0.0,87
12,03,18,50,19.1,0.0,87
12,03,19,00,19.1,0.0,87
12,03,19,10,19.0,0.0,88
12,03,19,20,19.0,0.0,88
12,03,19,30,19.0,0.0,87
12,03,19,40,19.2,0.0,86
12,03,19,50,19.2,0.0,87
12,03,20,00,19.2,0.0,87
12,03,20,10,19.2,0.0,87
12,03,20,20,19.2,0.0,87
12,03,20,30,19.2,0.0,87
12,03,20,40,19.2,0.0,87
12,03,20,50,19.2,0.0,87
12,03,21,00,19.2,0.0,87
12,03,21,10,19.1,0.0,88
12,03,21,20,19.1,0.0,87
12,03,21,30,19.1,0.0,87
12,03,21,40,19.1,0.0,88
12,03,21,50,19.1,0.0,87
12,03,22,00,19.1,0.0,87
12,03,22,10,19.0,0.0,88
12,03,22,20,19.1,0.0,87
12,03,22,30,19.2,0.0,86
12,03,22,40,19.2,0.0,86
12,03,22,50,19.1,0.0,87
12,03,23,00,19.1,0.0,88
12,03,23,10,19.0,0.0,88
12,03,23,20,19.1,0.0,87
12,03,23,30,19.2,0.0,87
12,03,23,40,19.3,0.0,86
12,03,23,50,19.2,0.0,88
12,04,00,00,-1,-1,-1
12,04,00,10,19.2,0.0,88
12,04,00,20,19.3,0.0,88
12,04,00,30,19.3,0.0,88
12,04,00,40,19.3,0.0,88
12,04,00,50,19.3,0.0,88
12,04,01,00,19.4,0.0,88
12,04,01,10,19.5,0.0,88
12,04,01,20,19.6,0.0,87
12,04,01,30,19.5,0.0,87
12,04,01,40,19.5,0.0,87
12,04,01,50,19.4,0.0,88
12,04,02,00,19.2,0.5,89
12,04,02,10,19.2,0.5,90
12,04,02,20,19.1,0.5,90
12,04,02,30,19.1,0.5,90
12,04,02,40,19.2,0.5,89
12,04,02,50,19.2,0.5,89
12,04,03,00,19.1,0.5,90
12,04,03,10,19.2,1.0,89
12,04,03,20,19.1,2.0,90
12,04,03,30,18.9,2.5,91
12,04,03,40,18.9,3.0,91
12,04,03,50,19.0,3.0,90
12,04,04,00,19.0,3.0,90
12,04,04,10,19.2,3.5,89
12,04,04,20,19.1,4.0,90
12,04,04,30,19.1,5.5,91
12,04,04,40,18.9,7.5,92
12,04,04,50,18.9,9.5,92
12,04,05,00,18.9,10.5,93
12,04,05,10,18.8,11.5,93
12,04,05,20,18.8,12.5,93
12,04,05,30,18.8,14.0,93
12,04,05,40,18.7,16.0,94
12,04,05,50,18.7,17.0,94
12,04,06,00,18.6,18.0,95
12,04,06,10,18.6,18.5,95
12,04,06,20,18.7,19.0,94
12,04,06,30,18.7,20.0,95
12,04,06,40,18.7,22.5,95
12,04,06,50,18.7,25.5,95
12,04,07,00,18.7,27.0,95
12,04,07,10,18.7,28.0,95
12,04,07,20,18.8,28.0,95
12,04,07,30,18.9,28.5,95
12,04,07,40,18.8,29.5,95
12,04,07,50,18.8,29.5,95
12,04,08,00,18.9,30.0,95
12,04,08,10,18.9,31.5,95
12,04,08,20,19.0,32.5,95
12,04,08,30,19.1,32.5,95
12,04,08,40,19.2,33.5,95
12,04,08,50,19.0,34.0,95
12,04,09,00,19.1,35.0,95
12,04,09,10,19.1,36.0,95
12,04,09,20,19.0,37.0,95
12,04,09,30,19.2,37.5,95
12,04,09,40,19.3,38.5,95
12,04,09,50,19.3,39.5,95
12,04,10,00,19.3,41.0,95
12,04,10,10,19.5,41.5,95
12,04,10,20,19.5,42.0,95
12,04,10,30,19.6,42.5,95
12,04,10,40,19.6,42.5,95
12,04,10,50,19.8,42.5,95
12,04,11,00,19.7,43.5,95
12,04,11,10,19.8,44.0,95
12,04,11,20,19.8,44.5,95
12,04,11,30,19.9,45.0,94
12,04,11,40,19.9,45.5,93
12,04,11,50,20.0,46.0,93
12,04,12,00,19.9,46.5,94
12,04,12,10,20.1,46.5,93
12,04,12,20,20.0,47.0,93
12,04,12,30,20.0,47.0,92
12,04,12,40,20.2,47.5,92
12,04,12,50,20.0,48.0,92
12,04,13,00,20.0,48.0,92
12,04,13,10,20.2,49.0,93
12,04,13,20,20.1,49.5,93
12,04,13,30,20.2,50.0,93
12,04,13,40,20.2,50.0,93
12,04,13,50,20.1,50.5,93
12,04,14,00,20.2,51.0,93
12,04,14,10,20.2,51.5,93
12,04,14,20,20.3,51.5,93
12,04,14,30,20.2,52.0,93
12,04,14,40,20.2,52.0,93
12,04,14,50,20.2,52.5,93
12,04,15,00,20.1,52.5,92
12,04,15,10,20.2,52.5,92
12,04,15,20,20.2,52.5,92
12,04,15,30,20.2,52.5,92
12,04,15,40,20.3,52.5,92
12,04,15,50,20.4,52.5,92
12,04,16,00,20.4,53.0,92
12,04,16,10,20.4,53.0,92
12,04,16,20,20.3,53.0,93
12,04,16,30,20.3,53.0,93
12,04,16,40,20.2,53.0,93
12,04,16,50,20.2,53.5,93
12,04,17,00,20.1,53.5,93
12,04,17,10,20.2,53.5,93
12,04,17,20,20.1,54.0,94
12,04,17,30,20.1,54.0,94
12,04,17,40,20.0,54.0,93
12,04,17,50,20.0,54.0,93
12,04,18,00,20.0,54.5,93
12,04,18,10,20.0,55.0,93
12,04,18,20,19.9,55.0,93
12,04,18,30,19.9,55.0,93
12,04,18,40,19.9,55.0,93
12,04,18,50,19.8,55.0,93
12,04,19,00,19.7,55.0,93
12,04,19,10,19.7,55.0,93
12,04,19,20,19.7,55.0,93
12,04,19,30,19.6,55.0,93
12,04,19,40,19.6,55.0,93
12,04,19,50,19.6,55.5,93
12,04,20,00,19.6,55.5,93
12,04,20,10,19.5,55.5,94
12,04,20,20,19.5,55.5,94
12,04,20,30,19.5,55.5,94
12,04,20,40,19.6,55.5,94
12,04,20,50,19.6,55.5,94
12,04,21,00,19.6,56.0,94
12,04,21,10,19.5,56.5,94
12,04,21,20,19.5,57.0,94
12,04,21,30,19.5,57.5,94
12,04,21,40,19.5,58.0,94
12,04,21,50,19.5,58.5,94
12,04,22,00,19.4,58.5,94
12,04,22,10,19.4,58.5,94
12,04,22,20,19.4,59.0,94
12,04,22,30,19.3,59.0,95
12,04,22,40,19.2,59.0,95
12,04,22,50,19.2,59.0,95
12,04,23,00,19.3,59.0,95
12,04,23,10,19.3,59.0,95
12,04,23,20,19.3,59.0,95
12,04,23,30,19.4,59.0,94
12,04,23,40,19.3,59.0,95
12,04,23,50,19.3,59.0,95
12,05,00,00,-1,-1,-1
12,05,00,10,19.4,0.0,95
12,05,00,20,19.2,0.0,94
12,05,00,30,18.9,0.0,94
12,05,00,40,18.9,0.0,93
12,05,00,50,18.9,0.0,93
12,05,01,00,18.8,0.0,93
12,05,01,10,18.9,0.0,93
12,05,01,20,18.8,0.0,93
12,05,01,30,18.8,0.0,92
12,05,01,40,18.8,0.0,92
12,05,01,50,18.8,0.0,92
12,05,02,00,18.8,0.0,92
12,05,02,10,18.8,0.0,93
12,05,02,20,18.8,0.0,93
12,05,02,30,18.8,0.0,93
12,05,02,40,18.8,0.0,93
12,05,02,50,18.8,0.0,93
12,05,03,00,18.8,0.0,93
12,05,03,10,18.9,0.0,93
12,05,03,20,18.8,0.0,94
12,05,03,30,18.9,0.0,93
12,05,03,40,18.9,0.0,93
12,05,03,50,18.8,0.0,94
12,05,04,00,18.8,0.0,94
12,05,04,10,18.9,0.0,94
12,05,04,20,18.9,0.0,93
12,05,04,30,18.8,0.0,94
12,05,04,40,18.8,0.0,94
12,05,04,50,18.8,0.5,94
12,05,05,00,18.8,0.5,94
12,05,05,10,18.8,0.5,94
12,05,05,20,18.9,0.5,94
12,05,05,30,18.9,0.5,94
12,05,05,40,18.7,0.5,94
12,05,05,50,18.6,0.5,94
12,05,06,00,18.6,0.5,93
12,05,06,10,18.7,1.0,93
12,05,06,20,18.7,1.0,93
12,05,06,30,18.7,1.0,93
12,05,06,40,18.7,1.0,93
12,05,06,50,18.7,1.0,93
12,05,07,00,18.7,1.0,93
12,05,07,10,18.6,1.0,93
12,05,07,20,18.7,1.5,93
12,05,07,30,18.8,1.5,93
12,05,07,40,18.9,1.5,93
12,05,07,50,19.0,1.5,94
12,05,08,00,19.0,1.5,94
12,05,08,10,19.0,1.5,94
12,05,08,20,19.0,1.5,93
12,05,08,30,19.1,1.5,93
12,05,08,40,19.1,1.5,93
12,05,08,50,19.1,1.5,93
12,05,09,00,19.2,1.5,93
12,05,09,10,19.2,1.5,92
12,05,09,20,19.2,1.5,92
12,05,09,30,19.1,1.5,92
12,05,09,40,19.1,1.5,92
12,05,09,50,19.1,1.5,92
12,05,10,00,19.0,1.5,92
12,05,10,10,19.0,1.5,92
12,05,10,20,19.1,1.5,92
12,05,10,30,19.0,1.5,92
12,05,10,40,19.1,1.5,91
12,05,10,50,19.2,1.5,91
12,05,11,00,19.2,1.5,91
12,05,11,10,19.2,1.5,92
12,05,11,20,19.2,1.5,91
12,05,11,30,19.3,1.5,92
12,05,11,40,19.4,1.5,91
12,05,11,50,19.3,1.5,90
12,05,12,00,19.7,1.5,90
12,05,12,10,19.8,1.5,88
12,05,12,20,19.9,1.5,84
12,05,12,30,19.8,1.5,83
12,05,12,40,19.9,1.5,82
12,05,12,50,20.0,1.5,81
12,05,13,00,20.0,1.5,80
12,05,13,10,20.0,1.5,80
12,05,13,20,20.0,1.5,81
12,05,13,30,19.9,1.5,79
12,05,13,40,19.7,1.5,80
12,05,13,50,19.7,1.5,81
12,05,14,00,19.8,1.5,80
12,05,14,10,19.5,1.5,79
12,05,14,20,19.6,1.5,81
12,05,14,30,19.5,1.5,81
12,05,14,40,19.4,1.5,81
12,05,14,50,19.4,1.5,80
12,05,15,00,19.2,1.5,81
12,05,15,10,19.3,1.5,80
12,05,15,20,19.2,1.5,79
12,05,15,30,19.3,1.5,79
12,05,15,40,19.2,1.5,80
12,05,15,50,19.0,1.5,80
12,05,16,00,19.1,1.5,79
12,05,16,10,19.0,1.5,80
12,05,16,20,19.0,1.5,80
12,05,16,30,18.9,1.5,80
12,05,16,40,18.8,1.5,81
12,05,16,50,18.9,1.5,81
12,05,17,00,18.8,1.5,82
12,05,17,10,18.7,1.5,82
12,05,17,20,18.8,1.5,81
12,05,17,30,18.8,1.5,81
12,05,17,40,18.8,1.5,81
12,05,17,50,18.8,1.5,82
12,05,18,00,18.8,1.5,81
12,05,18,10,18.9,1.5,81
12,05,18,20,18.8,1.5,82
12,05,18,30,18.9,1.5,82
12,05,18,40,18.9,1.5,82
12,05,18,50,18.9,1.5,82
12,05,19,00,18.9,1.5,83
12,05,19,10,19.0,1.5,82
12,05,19,20,19.2,1.5,81
12,05,19,30,19.3,1.5,81
12,05,19,40,19.2,1.5,82
12,05,19,50,19.3,1.5,81
12,05,20,00,19.4,1.5,81
12,05,20,10,19.4,1.5,81
12,05,20,20,19.5,1.5,80
12,05,20,30,19.6,1.5,80
12,05,20,40,19.5,1.5,81
12,05,20,50,19.4,1.5,82
12,05,21,00,19.5,1.5,81
12,05,21,10,19.5,1.5,81
12,05,21,20,19.6,1.5,80
12,05,21,30,19.6,1.5,80
12,05,21,40,19.5,1.5,81
12,05,21,50,19.6,1.5,80
12,05,22,00,19.5,1.5,81
12,05,22,10,19.5,1.5,81
12,05,22,20,19.5,1.5,82
12,05,22,30,19.4,1.5,82
12,05,22,40,19.6,1.5,81
12,05,22,50,19.5,1.5,82
12,05,23,00,19.6,1.5,81
12,05,23,10,19.5,1.5,82
12,05,23,20,19.6,1.5,81
12,05,23,30,19.6,1.5,81
12,05,23,40,19.6,1.5,81
12,05,23,50,19.8,1.5,80
12,06,00,00,-1,-1,-1
12,06,00,10,-1,-1,-1
12,06,00,20,19.5,0.0,82
12,06,00,30,19.5,0.0,83
12,06,00,40,19.4,0.0,84
12,06,00,50,19.3,0.0,84
12,06,01,00,19.4,0.0,83
12,06,01,10,19.3,0.0,84
12,06,01,20,-1,-1,-1
12,06,01,30,19.2,0.0,85
12,06,01,40,19.2,0.0,84
12,06,01,50,19.1,0.0,85
12,06,02,00,19.2,0.0,83
12,06,02,10,19.3,0.0,83
12,06,02,20,19.2,0.0,84
12,06,02,30,19.1,0.0,85
12,06,02,40,19.1,0.0,85
12,06,02,50,19.2,0.0,84
12,06,03,00,19.2,0.0,84
12,06,03,10,19.1,0.0,84
12,06,03,20,19.4,0.0,81
12,06,03,30,19.3,0.0,83
12,06,03,40,19.1,0.0,84
12,06,03,50,19.0,0.0,85
12,06,04,00,19.0,0.0,84
12,06,04,10,19.1,0.0,84
12,06,04,20,-1,-1,-1
12,06,04,30,19.1,0.0,84
12,06,04,40,19.1,0.0,84
12,06,04,50,19.1,0.0,84
12,06,05,00,19.1,0.0,85
12,06,05,10,19.0,0.0,87
12,06,05,20,19.1,0.0,86
12,06,05,30,19.0,0.0,87
12,06,05,40,18.9,0.0,88
12,06,05,50,18.8,0.0,88
12,06,06,00,18.9,0.0,88
12,06,06,10,18.7,0.0,89
12,06,06,20,18.7,0.0,89
12,06,06,30,18.8,0.0,88
12,06,06,40,18.7,0.0,89
12,06,06,50,18.9,0.0,88
12,06,07,00,18.9,0.0,88
12,06,07,10,19.0,0.0,87
12,06,07,20,19.0,0.0,87
12,06,07,30,19.2,0.0,87
12,06,07,40,19.2,0.0,88
12,06,07,50,19.0,0.0,89
12,06,08,00,18.9,0.0,90
12,06,08,10,19.0,0.0,90
12,06,08,20,19.0,0.5,90
12,06,08,30,18.9,0.5,92
12,06,08,40,19.0,0.5,91
12,06,08,50,19.0,0.5,91
12,06,09,00,19.0,0.5,92
12,06,09,10,18.9,0.5,92
12,06,09,20,19.0,0.5,92
12,06,09,30,19.0,0.5,91
12,06,09,40,19.1,1.0,91
12,06,09,50,19.2,1.5,92
12,06,10,00,19.1,1.5,92
12,06,10,10,18.9,1.5,92
12,06,10,20,19.1,1.5,91
12,06,10,30,19.1,1.5,92
12,06,10,40,19.0,1.5,92
12,06,10,50,19.2,2.0,92
12,06,11,00,19.3,2.0,92
12,06,11,10,19.3,2.0,92
12,06,11,20,19.0,2.0,92
12,06,11,30,19.0,2.5,92
12,06,11,40,19.1,2.5,92
12,06,11,50,19.1,2.5,91
12,06,12,00,18.9,2.5,92
12,06,12,10,19.1,2.5,91
12,06,12,20,18.8,2.5,90
12,06,12,30,19.1,2.5,91
12,06,12,40,18.9,3.0,91
12,06,12,50,19.0,3.0,91
12,06,13,00,18.9,3.0,92
12,06,13,10,18.9,3.0,92
12,06,13,20,18.9,3.0,92
12,06,13,30,18.9,3.0,93
12,06,13,40,18.9,3.5,92
12,06,13,50,18.5,4.0,92
12,06,14,00,18.6,4.5,92
12,06,14,10,18.5,4.5,92
12,06,14,20,18.6,4.5,92
12,06,14,30,18.3,5.0,92
12,06,14,40,18.3,5.0,92
12,06,14,50,18.2,5.0,92
12,06,15,00,18.1,5.0,92
12,06,15,10,18.0,5.5,92
12,06,15,20,18.0,5.5,92
12,06,15,30,18.1,5.5,92
12,06,15,40,17.9,5.5,92
12,06,15,50,17.9,6.0,93
12,06,16,00,17.9,6.5,93
12,06,16,10,18.0,6.5,93
12,06,16,20,17.9,6.5,93
12,06,16,30,18.0,6.5,93
12,06,16,40,17.9,6.5,93
12,06,16,50,18.0,6.5,93
12,06,17,00,17.9,6.5,93
12,06,17,10,17.9,6.5,93
12,06,17,20,17.8,7.0,93
12,06,17,30,17.8,7.0,93
12,06,17,40,17.7,7.5,93
12,06,17,50,17.7,7.5,93
12,06,18,00,17.6,7.5,93
12,06,18,10,17.5,7.5,93
12,06,18,20,17.0,7.5,91
12,06,18,30,16.5,7.5,90
12,06,18,40,16.5,7.5,90
12,06,18,50,16.6,7.5,89
12,06,19,00,16.6,7.5,90
12,06,19,10,16.6,7.5,90
12,06,19,20,16.6,7.5,91
12,06,19,30,16.7,7.5,91
12,06,19,40,16.3,7.5,90
12,06,19,50,16.5,7.5,90
12,06,20,00,16.5,7.5,91
12,06,20,10,16.5,7.5,91
12,06,20,20,16.5,7.5,91
12,06,20,30,16.5,7.5,91
12,06,20,40,16.6,7.5,91
12,06,20,50,16.5,7.5,91
12,06,21,00,16.5,7.5,91
12,06,21,10,16.4,7.5,91
12,06,21,20,16.2,7.5,91
12,06,21,30,16.2,7.5,91
12,06,21,40,16.2,7.5,89
12,06,21,50,16.5,7.5,87
12,06,22,00,16.5,7.5,87
12,06,22,10,16.6,7.5,87
12,06,22,20,16.6,7.5,88
12,06,22,30,16.6,7.5,86
12,06,22,40,16.5,7.5,88
12,06,22,50,16.3,7.5,88
12,06,23,00,16.2,7.5,87
12,06,23,10,16.2,7.5,86
12,06,23,20,16.3,7.5,86
12,06,23,30,16.1,7.5,87
12,06,23,40,16.2,7.5,87
12,06,23,50,16.2,7.5,88
12,07,00,00,-1,-1,-1
12,07,00,10,16.2,0.0,88
12,07,00,20,16.1,0.0,88
12,07,00,30,16.0,0.0,90
12,07,00,40,16.0,0.0,90
12,07,00,50,16.1,0.0,89
12,07,01,00,16.0,0.0,90
12,07,01,10,16.0,0.0,89
12,07,01,20,15.8,0.0,90
12,07,01,30,15.7,0.0,91
12,07,01,40,15.6,0.0,90
12,07,01,50,15.5,0.0,91
12,07,02,00,15.4,0.0,92
12,07,02,10,15.5,0.0,91
12,07,02,20,15.4,0.0,92
12,07,02,30,15.4,0.0,92
12,07,02,40,15.3,0.0,92
12,07,02,50,15.1,0.0,93
12,07,03,00,15.1,0.0,93
12,07,03,10,15.0,0.0,93
12,07,03,20,14.8,0.0,93
12,07,03,30,14.8,0.0,93
12,07,03,40,14.9,0.0,93
12,07,03,50,14.8,0.0,94
12,07,04,00,14.8,0.0,93
12,07,04,10,14.7,0.0,93
12,07,04,20,14.6,0.0,94
12,07,04,30,14.6,0.0,93
12,07,04,40,14.4,0.0,94
12,07,04,50,14.4,0.0,93
12,07,05,00,14.2,0.0,94
12,07,05,10,14.3,0.0,94
12,07,05,20,14.3,0.0,94
12,07,05,30,14.4,0.0,94
12,07,05,40,14.4,0.0,93
12,07,05,50,14.5,0.0,94
12,07,06,00,14.4,0.0,92
12,07,06,10,14.3,0.0,92
12,07,06,20,14.1,0.0,92
12,07,06,30,14.1,0.0,92
12,07,06,40,14.1,0.0,93
12,07,06,50,14.1,0.0,93
12,07,07,00,14.1,0.0,93
12,07,07,10,14.2,0.0,93
12,07,07,20,14.4,0.0,94
12,07,07,30,14.6,0.0,94
12,07,07,40,15.2,0.0,94
12,07,07,50,15.4,0.0,93
12,07,08,00,-1,-1,-1
12,07,08,10,17.7,0.0,76
12,07,08,20,18.7,0.0,70
12,07,08,30,19.0,0.0,67
12,07,08,40,19.5,0.0,68
12,07,08,50,19.8,0.0,67
12,07,09,00,20.1,0.0,65
12,07,09,10,20.4,0.0,63
12,07,09,20,20.6,0.0,61
12,07,09,30,20.9,0.0,59
12,07,09,40,21.3,0.0,59
12,07,09,50,21.1,0.0,57
12,07,10,00,21.5,0.0,55
12,07,10,10,21.7,0.0,57
12,07,10,20,21.8,0.0,53
12,07,10,30,21.9,0.0,53
12,07,10,40,22.2,0.0,53
12,07,10,50,22.3,0.0,50
12,07,11,00,22.4,0.0,53
12,07,11,10,22.3,0.0,50
12,07,11,20,22.5,0.0,52
12,07,11,30,22.4,0.0,50
12,07,11,40,22.4,0.0,50
12,07,11,50,22.6,0.0,49
12,07,12,00,23.2,0.0,49
12,07,12,10,22.9,0.0,48
12,07,12,20,23.1,0.0,51
12,07,12,30,23.3,0.0,49
12,07,12,40,23.3,0.0,49
12,07,12,50,23.2,0.0,50
12,07,13,00,23.2,0.0,47
12,07,13,10,23.0,0.0,50
12,07,13,20,23.2,0.0,47
12,07,13,30,23.3,0.0,47
12,07,13,40,23.1,0.0,50
12,07,13,50,22.8,0.0,48
12,07,14,00,23.3,0.0,49
12,07,14,10,23.1,0.0,50
12,07,14,20,23.0,0.0,48
12,07,14,30,22.7,0.0,49
12,07,14,40,22.9,0.0,49
12,07,14,50,22.8,0.0,49
12,07,15,00,22.4,0.0,50
12,07,15,10,22.3,0.0,50
12,07,15,20,22.0,0.0,50
12,07,15,30,21.9,0.0,51
12,07,15,40,21.7,0.0,51
12,07,15,50,21.4,0.0,51
12,07,16,00,21.3,0.0,52
12,07,16,10,-1,-1,-1
12,07,16,20,20.9,0.0,54
12,07,16,30,20.7,0.0,55
12,07,16,40,20.4,0.0,56
12,07,16,50,20.4,0.0,55
12,07,17,00,20.2,0.0,55
12,07,17,10,19.8,0.0,57
12,07,17,20,19.8,0.0,58
12,07,17,30,19.8,0.0,58
12,07,17,40,19.7,0.0,58
12,07,17,50,19.7,0.0,58
12,07,18,00,19.6,0.0,58
12,07,18,10,19.5,0.0,59
12,07,18,20,19.5,0.0,59
12,07,18,30,19.5,0.0,59
12,07,18,40,19.2,0.0,61
12,07,18,50,19.2,0.0,61
12,07,19,00,19.1,0.0,61
12,07,19,10,19.1,0.0,61
12,07,19,20,19.0,0.0,62
12,07,19,30,19.1,0.0,61
12,07,19,40,19.0,0.0,62
12,07,19,50,18.9,0.0,62
12,07,20,00,18.9,0.0,63
12,07,20,10,18.9,0.0,63
12,07,20,20,18.9,0.0,63
12,07,20,30,19.1,0.0,61
12,07,20,40,19.0,0.0,62
12,07,20,50,19.1,0.0,61
12,07,21,00,18.9,0.0,63
12,07,21,10,18.8,0.0,63
12,07,21,20,18.7,0.0,63
12,07,21,30,18.7,0.0,64
12,07,21,40,18.8,0.0,63
12,07,21,50,18.7,0.0,64
12,07,22,00,18.9,0.0,63
12,07,22,10,18.7,0.0,63
12,07,22,20,18.6,0.0,64
12,07,22,30,18.4,0.0,65
12,07,22,40,18.5,0.0,64
12,07,22,50,18.4,0.0,65
12,07,23,00,18.8,0.0,64
12,07,23,10,18.7,0.0,65
12,07,23,20,18.7,0.0,65
12,07,23,30,18.7,0.0,65
12,07,23,40,18.6,0.0,66
12,07,23,50,18.8,0.0,65
12,08,00,00,-1,-1,-1
12,08,00,10,18.2,0.0,69
12,08,00,20,17.9,0.0,71
12,08,00,30,17.9,0.0,71
12,08,00,40,17.7,0.0,72
12,08,00,50,17.6,0.0,73
12,08,01,00,17.8,0.0,73
12,08,01,10,17.6,0.0,74
12,08,01,20,17.4,0.0,76
12,08,01,30,17.3,0.0,77
12,08,01,40,17.4,0.0,77
12,08,01,50,17.7,0.0,75
12,08,02,00,17.3,0.0,77
12,08,02,10,17.0,0.0,79
12,08,02,20,16.9,0.0,80
12,08,02,30,16.5,0.0,81
12,08,02,40,16.3,0.0,83
12,08,02,50,16.2,0.0,83
12,08,03,00,16.2,0.0,83
12,08,03,10,16.1,0.0,83
12,08,03,20,16.1,0.0,84
12,08,03,30,16.2,0.0,85
12,08,03,40,16.3,0.0,85
12,08,03,50,16.5,0.0,84
12,08,04,00,16.5,0.0,84
12,08,04,10,16.3,0.0,85
12,08,04,20,16.3,0.0,85
12,08,04,30,16.4,0.0,85
12,08,04,40,16.5,0.0,85
12,08,04,50,16.6,0.0,85
12,08,05,00,16.7,0.0,86
12,08,05,10,16.7,0.0,87
12,08,05,20,16.8,0.0,86
12,08,05,30,16.6,0.0,86
12,08,05,40,16.5,0.0,85
12,08,05,50,16.4,0.0,86
12,08,06,00,16.2,0.0,86
12,08,06,10,16.0,0.0,87
12,08,06,20,15.8,0.0,88
12,08,06,30,15.8,0.0,89
12,08,06,40,15.8,0.0,89
12,08,06,50,15.9,0.0,89
12,08,07,00,15.9,0.0,89
12,08,07,10,16.1,0.0,89
12,08,07,20,16.3,0.0,88
12,08,07,30,16.5,0.0,87
12,08,07,40,16.9,0.0,86
12,08,07,50,17.3,0.0,84
12,08,08,00,18.4,0.0,78
12,08,08,10,19.5,0.0,72
12,08,08,20,20.4,0.0,69
12,08,08,30,20.4,0.0,67
12,08,08,40,21.0,0.0,66
12,08,08,50,21.3,0.0,63
12,08,09,00,22.2,0.0,61
12,08,09,10,21.8,0.0,62
12,08,09,20,22.6,0.0,60
12,08,09,30,22.9,0.0,58
12,08,09,40,23.0,0.0,59
12,08,09,50,23.5,0.0,61
12,08,10,00,23.8,0.0,57
12,08,10,10,24.5,0.0,58
12,08,10,20,24.8,0.0,54
12,08,10,30,25.2,0.0,53
12,08,10,40,25.8,0.0,52
12,08,10,50,25.5,0.0,49
12,08,11,00,25.6,0.0,51
12,08,11,10,25.5,0.0,48
12,08,11,20,25.9,0.0,48
12,08,11,30,26.4,0.0,48
12,08,11,40,25.8,0.0,48
12,08,11,50,26.4,0.0,48
12,08,12,00,26.1,0.0,48
12,08,12,10,26.4,0.0,48
12,08,12,20,27.1,0.0,47
12,08,12,30,26.8,0.0,46
12,08,12,40,27.2,0.0,48
12,08,12,50,27.1,0.0,47
12,08,13,00,26.8,0.0,46
12,08,13,10,27.2,0.0,45
12,08,13,20,26.7,0.0,46
12,08,13,30,27.0,0.0,48
12,08,13,40,27.0,0.0,47
12,08,13,50,26.8,0.0,48
12,08,14,00,26.9,0.0,47
12,08,14,10,26.5,0.0,48
12,08,14,20,26.1,0.0,51
12,08,14,30,25.8,0.0,53
12,08,14,40,25.3,0.0,55
12,08,14,50,25.1,0.0,56
12,08,15,00,25.0,0.0,57
12,08,15,10,24.7,0.0,58
12,08,15,20,24.4,0.0,59
12,08,15,30,24.4,0.0,61
12,08,15,40,24.2,0.0,61
12,08,15,50,23.9,0.0,62
12,08,16,00,24.0,0.0,62
12,08,16,10,23.7,0.0,63
12,08,16,20,23.8,0.0,62
12,08,16,30,23.5,0.0,64
12,08,16,40,22.7,0.0,67
12,08,16,50,22.7,0.0,68
12,08,17,00,22.1,0.0,70
12,08,17,10,21.8,0.0,71
12,08,17,20,21.4,0.0,74
12,08,17,30,21.2,0.0,74
12,08,17,40,20.8,0.0,75
12,08,17,50,20.6,0.0,77
12,08,18,00,20.4,0.0,79
12,08,18,10,20.2,0.0,80
12,08,18,20,20.1,0.0,81
12,08,18,30,20.2,0.0,80
12,08,18,40,20.2,0.0,81
12,08,18,50,20.2,0.0,79
12,08,19,00,20.2,0.0,79
12,08,19,10,20.6,0.0,77
12,08,19,20,20.3,0.0,78
12,08,19,30,19.9,0.0,80
12,08,19,40,19.6,0.0,81
12,08,19,50,19.5,0.0,81
12,08,20,00,19.3,0.0,81
12,08,20,10,19.1,0.0,82
12,08,20,20,19.0,0.0,83
12,08,20,30,18.8,0.0,84
12,08,20,40,18.9,0.0,83
12,08,20,50,18.6,0.0,84
12,08,21,00,18.5,0.0,84
12,08,21,10,18.4,0.0,85
12,08,21,20,18.2,0.0,86
12,08,21,30,18.1,0.0,86
12,08,21,40,17.9,0.0,87
12,08,21,50,17.9,0.0,88
12,08,22,00,17.9,0.0,88
12,08,22,10,17.8,0.0,88
12,08,22,20,17.8,0.0,89
12,08,22,30,17.6,0.0,89
12,08,22,40,17.5,0.0,89
12,08,22,50,17.5,0.0,89
12,08,23,00,17.6,0.0,89
12,08,23,10,17.7,0.0,88
12,08,23,20,17.5,0.0,87
12,08,23,30,17.5,0.0,87
12,08,23,40,17.4,0.0,88
12,08,23,50,17.4,0.0,87
12,09,00,00,-1,-1,-1
12,09,00,10,17.1,0.0,89
12,09,00,20,17.1,0.0,90
12,09,00,30,16.9,0.0,90
12,09,00,40,16.8,0.0,90
12,09,00,50,16.9,0.0,90
12,09,01,00,16.8,0.0,91
12,09,01,10,16.8,0.0,91
12,09,01,20,16.8,0.0,91
12,09,01,30,16.7,0.0,90
12,09,01,40,16.6,0.0,91
12,09,01,50,16.6,0.0,89
12,09,02,00,16.6,0.0,89
12,09,02,10,16.5,0.0,89
12,09,02,20,16.4,0.0,89
12,09,02,30,16.3,0.0,88
12,09,02,40,16.4,0.0,86
12,09,02,50,16.3,0.0,86
12,09,03,00,16.9,0.0,82
12,09,03,10,17.0,0.0,82
12,09,03,20,16.9,0.0,84
12,09,03,30,16.7,0.0,86
12,09,03,40,16.5,0.0,88
12,09,03,50,16.3,0.0,89
12,09,04,00,16.4,0.0,89
12,09,04,10,16.5,0.0,89
12,09,04,20,16.7,0.0,90
12,09,04,30,17.1,0.0,88
12,09,04,40,17.3,0.0,87
12,09,04,50,17.2,0.0,87
12,09,05,00,17.2,0.0,87
12,09,05,10,17.2,0.0,88
12,09,05,20,17.3,0.0,88
12,09,05,30,17.3,0.0,89
12,09,05,40,17.3,0.0,89
12,09,05,50,17.3,0.0,89
12,09,06,00,17.3,0.0,89
12,09,06,10,17.4,0.0,89
12,09,06,20,17.4,0.0,88
12,09,06,30,17.5,0.0,88
12,09,06,40,17.5,0.0,87
12,09,06,50,17.8,0.0,83
12,09,07,00,18.0,0.0,83
12,09,07,10,18.2,0.0,83
12,09,07,20,18.5,0.0,82
12,09,07,30,18.9,0.0,80
12,09,07,40,19.0,0.0,79
12,09,07,50,19.2,0.0,77
12,09,08,00,19.6,0.0,77
12,09,08,10,20.0,0.0,74
12,09,08,20,20.4,0.0,72
12,09,08,30,20.8,0.0,70
12,09,08,40,21.4,0.0,69
12,09,08,50,21.5,0.0,67
12,09,09,00,21.3,0.0,69
12,09,09,10,21.7,0.0,67
12,09,09,20,22.7,0.0,67
12,09,09,30,22.8,0.0,61
12,09,09,40,23.2,0.0,62
12,09,09,50,23.3,0.0,61
12,09,10,00,23.8,0.0,63
12,09,10,10,24.0,0.0,59
12,09,10,20,24.2,0.0,56
12,09,10,30,24.5,0.0,57
12,09,10,40,24.8,0.0,57
12,09,10,50,24.4,0.0,58
12,09,11,00,24.5,0.0,55
12,09,11,10,25.2,0.0,54
12,09,11,20,25.5,0.0,54
12,09,11,30,25.5,0.0,50
12,09,11,40,25.6,0.0,52
12,09,11,50,26.0,0.0,52
12,09,12,00,26.0,0.0,50
12,09,12,10,26.2,0.0,49
12,09,12,20,26.8,0.0,47
12,09,12,30,27.1,0.0,47
12,09,12,40,26.7,0.0,46
12,09,12,50,26.9,0.0,50
12,09,13,00,27.4,0.0,49
12,09,13,10,27.2,0.0,46
12,09,13,20,27.7,0.0,45
12,09,13,30,27.8,0.0,46
12,09,13,40,28.5,0.0,46
12,09,13,50,28.0,0.0,47
12,09,14,00,28.0,0.0,50
12,09,14,10,28.6,0.0,44
12,09,14,20,28.1,0.0,45
12,09,14,30,27.8,0.0,45
12,09,14,40,28.0,0.0,47
12,09,14,50,28.0,0.0,47
12,09,15,00,27.4,0.0,49
12,09,15,10,27.0,0.0,55
12,09,15,20,26.7,0.0,58
12,09,15,30,26.6,0.0,58
12,09,15,40,26.3,0.0,58
12,09,15,50,25.8,0.0,60
12,09,16,00,25.7,0.0,61
12,09,16,10,25.6,0.0,64
12,09,16,20,25.2,0.0,66
12,09,16,30,25.0,0.0,67
12,09,16,40,24.8,0.0,67
12,09,16,50,24.5,0.0,69
12,09,17,00,24.2,0.0,71
12,09,17,10,23.9,0.0,72
12,09,17,20,23.8,0.0,73
12,09,17,30,23.4,0.0,75
12,09,17,40,23.3,0.0,73
12,09,17,50,23.0,0.0,73
12,09,18,00,22.7,0.0,75
12,09,18,10,22.6,0.0,74
12,09,18,20,22.4,0.0,74
12,09,18,30,22.1,0.0,77
12,09,18,40,21.9,0.0,79
12,09,18,50,21.9,0.0,80
12,09,19,00,21.7,0.0,80
12,09,19,10,21.6,0.0,81
12,09,19,20,21.5,0.0,82
12,09,19,30,21.6,0.0,81
12,09,19,40,21.4,0.0,81
12,09,19,50,21.5,0.0,81
12,09,20,00,21.4,0.0,82
12,09,20,10,21.4,0.0,82
12,09,20,20,21.3,0.0,82
12,09,20,30,21.1,0.0,83
12,09,20,40,21.1,0.0,84
12,09,20,50,20.9,0.0,84
12,09,21,00,20.7,0.0,85
12,09,21,10,20.7,0.0,86
12,09,21,20,20.7,0.0,86
12,09,21,30,20.8,0.0,86
12,09,21,40,20.6,0.0,87
12,09,21,50,20.6,0.0,87
12,09,22,00,20.3,0.0,87
12,09,22,10,20.1,0.0,88
12,09,22,20,20.0,0.0,89
12,09,22,30,20.0,0.0,89
12,09,22,40,20.1,0.0,88
12,09,22,50,19.9,0.0,89
12,09,23,00,19.8,0.0,89
12,09,23,10,19.7,0.0,89
12,09,23,20,19.6,0.0,90
12,09,23,30,19.4,0.0,90
12,09,23,40,19.5,0.0,90
12,09,23,50,19.3,0.0,92
12,10,00,00,-1,-1,-1
12,10,00,10,19.2,0.0,92
12,10,00,20,19.1,0.0,92
12,10,00,30,19.1,0.0,92
12,10,00,40,19.1,0.0,92
12,10,00,50,18.9,0.0,93
12,10,01,00,18.9,0.0,93
12,10,01,10,18.8,0.0,92
12,10,01,20,18.7,0.0,93
12,10,01,30,18.6,0.0,93
12,10,01,40,18.6,0.0,93
12,10,01,50,18.5,0.0,93
12,10,02,00,18.4,0.0,93
12,10,02,10,18.4,0.0,93
12,10,02,20,18.4,0.0,93
12,10,02,30,18.5,0.0,93
12,10,02,40,18.6,0.0,92
12,10,02,50,18.7,0.0,91
12,10,03,00,18.6,0.0,91
12,10,03,10,18.6,0.0,90
12,10,03,20,18.8,0.0,90
12,10,03,30,19.0,0.0,90
12,10,03,40,19.2,0.0,89
12,10,03,50,19.3,0.0,88
12,10,04,00,19.5,0.0,87
12,10,04,10,19.5,0.0,86
12,10,04,20,19.2,0.0,87
12,10,04,30,19.0,0.0,88
12,10,04,40,18.9,0.0,89
12,10,04,50,18.7,0.0,89
12,10,05,00,18.6,0.0,90
12,10,05,10,18.6,0.0,91
12,10,05,20,18.7,0.0,91
12,10,05,30,18.8,0.0,90
12,10,05,40,19.0,0.0,90
12,10,05,50,18.9,0.0,90
12,10,06,00,18.8,0.0,91
12,10,06,10,18.8,0.0,91
12,10,06,20,18.8,0.0,92
12,10,06,30,18.8,0.0,92
12,10,06,40,18.8,0.0,90
12,10,06,50,18.9,0.0,90
12,10,07,00,19.2,0.0,88
12,10,07,10,19.1,0.0,88
12,10,07,20,18.9,0.0,89
12,10,07,30,18.9,0.0,89
12,10,07,40,19.0,0.0,88
12,10,07,50,19.4,0.0,85
12,10,08,00,19.9,0.0,82
12,10,08,10,20.3,0.0,80
12,10,08,20,20.7,0.0,78
12,10,08,30,20.9,0.0,76
12,10,08,40,21.2,0.0,76
12,10,08,50,21.5,0.0,76
12,10,09,00,22.4,0.0,73
12,10,09,10,22.7,0.0,70
12,10,09,20,23.2,0.0,70
12,10,09,30,24.1,0.0,67
12,10,09,40,24.5,0.0,65
12,10,09,50,24.2,0.0,69
12,10,10,00,24.6,0.0,65
12,10,10,10,25.4,0.0,64
12,10,10,20,25.6,0.0,61
12,10,10,30,25.9,0.0,60
12,10,10,40,26.5,0.0,58
12,10,10,50,26.8,0.0,60
12,10,11,00,27.0,0.0,59
12,10,11,10,26.9,0.0,61
12,10,11,20,27.8,0.0,58
12,10,11,30,27.9,0.0,56
12,10,11,40,27.7,0.0,56
12,10,11,50,27.8,0.0,52
12,10,12,00,28.6,0.0,52
12,10,12,10,29.0,0.0,52
12,10,12,20,29.2,0.0,51
12,10,12,30,29.1,0.0,51
12,10,12,40,29.6,0.0,49
12,10,12,50,29.9,0.0,51
12,10,13,00,29.6,0.0,54
12,10,13,10,29.4,0.0,57
12,10,13,20,29.2,0.0,60
12,10,13,30,29.3,0.0,59
12,10,13,40,29.0,0.0,59
12,10,13,50,29.2,0.0,61
12,10,14,00,29.1,0.0,59
12,10,14,10,29.4,0.0,60
12,10,14,20,29.6,0.0,60
12,10,14,30,28.9,0.0,61
12,10,14,40,28.9,0.0,62
12,10,14,50,28.5,0.0,64
12,10,15,00,28.4,0.0,65
12,10,15,10,28.4,0.0,65
12,10,15,20,27.9,0.0,67
12,10,15,30,27.7,0.0,68
12,10,15,40,27.5,0.0,69
12,10,15,50,27.3,0.0,69
12,10,16,00,27.2,0.0,70
12,10,16,10,26.9,0.0,71
12,10,16,20,26.8,0.0,71
12,10,16,30,26.5,0.0,72
12,10,16,40,26.3,0.0,73
12,10,16,50,26.2,0.0,73
12,10,17,00,26.0,0.0,74
12,10,17,10,25.9,0.0,74
12,10,17,20,25.7,0.0,75
12,10,17,30,25.5,0.0,76
12,10,17,40,25.0,0.0,78
12,10,17,50,25.1,0.0,78
12,10,18,00,25.0,0.0,77
12,10,18,10,24.8,0.0,78
12,10,18,20,24.6,0.0,78
12,10,18,30,24.5,0.0,78
12,10,18,40,24.6,0.0,77
12,10,18,50,24.2,0.0,78
12,10,19,00,23.9,0.0,79
12,10,19,10,23.7,0.0,77
12,10,19,20,23.5,0.0,78
12,10,19,30,23.6,0.0,77
12,10,19,40,23.4,0.0,78
12,10,19,50,23.3,0.0,80
12,10,20,00,23.2,0.0,80
12,10,20,10,23.3,0.0,80
12,10,20,20,23.4,0.0,79
12,10,20,30,23.5,0.0,78
12,10,20,40,23.5,0.0,78
12,10,20,50,23.4,0.0,79
12,10,21,00,23.2,0.0,80
12,10,21,10,23.5,0.0,76
12,10,21,20,23.5,0.0,76
12,10,21,30,23.3,0.0,77
12,10,21,40,23.5,0.0,77
12,10,21,50,23.4,0.0,79
12,10,22,00,23.2,0.0,79
12,10,22,10,23.3,0.0,78
12,10,22,20,23.3,0.0,78
12,10,22,30,23.1,0.0,80
12,10,22,40,23.1,0.0,79
12,10,22,50,23.1,0.0,77
12,10,23,00,23.3,0.0,76
12,10,23,10,23.3,0.0,75
12,10,23,20,23.2,0.0,76
12,10,23,30,23.0,0.0,77
12,10,23,40,22.7,0.0,78
12,10,23,50,22.9,0.0,77
12,11,00,00,-1,-1,-1
12,11,00,10,22.7,0.0,77
12,11,00,20,22.5,0.0,79
12,11,00,30,22.1,0.0,81
12,11,00,40,21.9,0.0,82
12,11,00,50,22.0,0.0,82
12,11,01,00,21.9,0.0,82
12,11,01,10,22.0,0.0,81
12,11,01,20,21.9,0.0,82
12,11,01,30,21.7,0.0,83
12,11,01,40,21.5,0.0,84
12,11,01,50,21.4,0.0,85
12,11,02,00,21.6,0.0,84
12,11,02,10,21.7,0.0,85
12,11,02,20,22.0,0.0,83
12,11,02,30,22.2,0.0,80
12,11,02,40,22.0,0.0,81
12,11,02,50,21.8,0.0,82
12,11,03,00,21.6,0.0,82
12,11,03,10,21.4,0.0,84
12,11,03,20,21.1,0.0,86
12,11,03,30,21.0,0.0,88
12,11,03,40,20.9,0.0,87
12,11,03,50,20.9,0.0,87
12,11,04,00,20.8,0.0,88
12,11,04,10,20.8,0.0,88
12,11,04,20,20.8,0.0,88
12,11,04,30,20.7,0.0,89
12,11,04,40,20.8,0.0,88
12,11,04,50,20.8,0.0,88
12,11,05,00,20.7,0.0,88
12,11,05,10,20.6,0.0,89
12,11,05,20,20.6,0.0,89
12,11,05,30,20.6,0.0,89
12,11,05,40,20.6,0.0,89
12,11,05,50,21.0,0.0,89
12,11,06,00,21.1,0.0,88
12,11,06,10,21.1,0.0,86
12,11,06,20,-1,-1,-1
12,11,06,30,21.4,0.0,83
12,11,06,40,21.2,0.0,84
12,11,06,50,21.3,0.0,84
12,11,07,00,21.7,0.0,83
12,11,07,10,21.8,0.0,84
12,11,07,20,22.1,0.0,84
12,11,07,30,22.4,0.0,83
12,11,07,40,22.7,0.0,82
12,11,07,50,23.0,0.0,79
12,11,08,00,23.0,0.0,79
12,11,08,10,23.2,0.0,80
12,11,08,20,23.7,0.0,77
12,11,08,30,24.2,0.0,76
12,11,08,40,24.4,0.0,76
12,11,08,50,24.5,0.0,76
12,11,09,00,25.1,0.0,72
12,11,09,10,25.0,0.0,72
12,11,09,20,25.2,0.0,73
12,11,09,30,25.8,0.0,69
12,11,09,40,25.6,0.0,71
12,11,09,50,25.7,0.0,70
12,11,10,00,26.5,0.0,68
12,11,10,10,26.9,0.0,68
12,11,10,20,26.9,0.0,68
12,11,10,30,27.6,0.0,66
12,11,10,40,27.5,0.0,64
12,11,10,50,27.4,0.0,64
12,11,11,00,28.2,0.0,61
12,11,11,10,28.3,0.0,60
12,11,11,20,28.4,0.0,59
12,11,11,30,28.9,0.0,59
12,11,11,40,28.6,0.0,58
12,11,11,50,28.8,0.0,58
12,11,12,00,29.2,0.0,58
12,11,12,10,29.3,0.0,58
